edge_id,old_rfc,new_rfc,relation_type,total_citers,cites_old,cites_new,cites_both,takeover_ratio
0,360,407,obsoletes,32,2,31,1,0.968800
1,354,542,obsoletes,34,14,24,4,0.705900
2,724,733,obsoletes,37,2,37,2,1.000000
3,599,740,obsoletes,30,3,28,1,0.933300
4,542,765,obsoletes,46,24,25,3,0.543500
5,760,791,obsoletes,455,17,444,6,0.975800
6,777,792,obsoletes,174,2,173,1,0.994300
7,761,793,obsoletes,425,13,415,3,0.976500
8,788,821,obsoletes,171,16,167,12,0.976600
9,733,822,obsoletes,459,37,438,16,0.954200
10,764,854,obsoletes,103,18,93,8,0.902900
11,827,904,updates,64,31,41,8,0.640600
12,888,904,updates,58,25,41,8,0.706900
13,792,950,updates,185,173,28,16,0.151400
14,810,952,obsoletes,55,17,41,3,0.745500
15,812,954,obsoletes,45,19,27,1,0.600000
16,765,959,obsoletes,132,24,112,4,0.848500
17,983,1006,obsoletes,55,5,52,2,0.945500
18,973,1034,obsoletes,384,6,379,1,0.987000
19,882,1034,obsoletes,388,18,379,9,0.976800
20,883,1034,obsoletes,390,18,379,7,0.971800
21,973,1035,obsoletes,439,6,434,1,0.988600
22,882,1035,obsoletes,443,18,434,9,0.979700
23,883,1035,obsoletes,445,18,434,7,0.975300
24,850,1036,obsoletes,35,12,29,6,0.828600
25,948,1042,obsoletes,40,9,32,1,0.800000
26,1034,1101,updates,381,378,11,8,0.028900
27,1035,1101,updates,435,433,11,9,0.025300
28,988,1112,obsoletes,168,14,154,0,0.916700
29,1054,1112,obsoletes,156,2,154,0,0.987200
30,793,1122,updates,580,415,257,92,0.443100
31,822,1123,updates,566,437,200,71,0.353400
32,952,1123,updates,218,41,200,23,0.917400
33,822,1138,updates,437,437,4,4,0.009200
34,822,1148,updates,437,437,5,5,0.011400
35,1065,1155,obsoletes,206,21,199,14,0.966000
36,1066,1156,obsoletes,70,21,62,13,0.885700
37,1098,1157,obsoletes,246,11,242,7,0.983700
38,1034,1183,updates,381,378,13,10,0.034100
39,1035,1183,updates,437,433,13,9,0.029700
40,1063,1191,obsoletes,160,8,159,7,0.993800
41,742,1194,obsoletes,37,35,4,2,0.108100
42,742,1196,obsoletes,35,35,1,1,0.028600
43,1158,1213,obsoletes,199,15,195,11,0.979900
44,1131,1247,obsoletes,31,10,24,3,0.774200
45,1163,1267,obsoletes,32,13,30,11,0.937500
46,742,1288,obsoletes,44,35,10,1,0.227300
47,958,1305,obsoletes,98,13,86,1,0.877600
48,1059,1305,obsoletes,86,2,86,2,1.000000
49,1119,1305,obsoletes,92,13,86,7,0.934800
50,1072,1323,obsoletes,79,15,73,9,0.924100
51,1185,1323,obsoletes,75,6,73,4,0.973300
52,822,1327,updates,443,437,46,40,0.103800
53,987,1327,obsoletes,57,16,46,5,0.807000
54,1026,1327,obsoletes,50,6,46,2,0.920000
55,1138,1327,obsoletes,46,3,46,3,1.000000
56,1148,1327,obsoletes,47,4,46,3,0.978700
57,1172,1332,obsoletes,43,5,38,0,0.883700
58,1060,1340,obsoletes,71,21,51,1,0.718300
59,1034,1348,updates,380,378,5,3,0.013200
60,1035,1348,updates,435,433,5,3,0.011500
61,1247,1349,updates,43,23,23,3,0.534900
62,1195,1349,updates,119,97,23,1,0.193300
63,1123,1349,updates,219,199,23,3,0.105000
64,1122,1349,updates,268,256,23,11,0.085800
65,1060,1349,updates,43,20,23,0,0.534900
66,791,1349,updates,448,443,23,18,0.051300
67,783,1350,obsoletes,54,27,27,0,0.500000
68,877,1356,obsoletes,40,31,10,1,0.250000
69,1058,1388,updates,42,40,14,12,0.333300
70,951,1395,updates,45,45,1,1,0.022200
71,1113,1421,obsoletes,47,10,39,2,0.829800
72,1114,1422,obsoletes,38,8,31,1,0.815800
73,1115,1423,obsoletes,37,6,31,0,0.837800
74,1327,1495,updates,49,45,9,5,0.183700
75,951,1497,updates,44,44,8,8,0.181800
76,1338,1519,obsoletes,73,18,57,2,0.780800
77,1341,1521,obsoletes,103,32,76,5,0.737900
78,1342,1522,obsoletes,36,10,28,2,0.777800
79,951,1532,updates,45,44,3,2,0.066700
80,951,1542,updates,47,44,17,14,0.361700
81,1548,1570,updates,32,12,21,1,0.656200
82,1229,1573,obsoletes,58,21,46,9,0.793100
83,1247,1583,obsoletes,44,23,24,3,0.545500
84,1521,1590,updates,82,75,16,9,0.195100
85,1310,1602,obsoletes,42,17,28,3,0.666700
86,1548,1661,obsoletes,182,13,170,1,0.934100
87,1549,1662,obsoletes,39,4,35,0,0.897400
88,1340,1700,obsoletes,242,51,195,4,0.805800
89,1058,1723,updates,45,40,14,9,0.311100
90,1654,1771,obsoletes,79,9,70,0,0.886100
91,1487,1777,obsoletes,40,10,32,2,0.800000
92,1485,1779,obsoletes,31,12,21,2,0.677400
93,1738,1808,updates,106,104,22,20,0.207500
94,1716,1812,obsoletes,109,0,109,0,1.000000
95,1009,1812,obsoletes,123,15,109,1,0.886200
96,1651,1869,obsoletes,32,8,25,1,0.781200
97,1034,1876,updates,379,378,7,6,0.018500
98,1035,1876,updates,437,433,7,3,0.016000
99,1442,1902,obsoletes,111,39,75,3,0.675700
100,1443,1903,obsoletes,81,20,62,1,0.765400
101,1444,1904,obsoletes,50,9,41,0,0.820000
102,1448,1905,obsoletes,179,44,137,2,0.765400
103,1449,1906,obsoletes,116,7,110,1,0.948300
104,1450,1907,obsoletes,50,8,43,1,0.860000
105,1452,1908,obsoletes,32,7,27,2,0.843800
106,1627,1918,obsoletes,215,3,213,1,0.990700
107,1597,1918,obsoletes,224,14,213,3,0.950900
108,1725,1939,obsoletes,67,4,63,0,0.940300
109,1939,1957,updates,62,62,0,0,0.000000
110,1034,1982,updates,405,378,36,9,0.088900
111,1035,1982,updates,458,433,36,11,0.078600
112,1334,1994,obsoletes,56,20,43,7,0.767900
113,1035,1995,updates,434,433,27,26,0.062200
114,1035,1996,updates,437,433,29,25,0.066400
115,1213,2011,updates,199,194,9,4,0.045200
116,1213,2012,updates,199,194,12,7,0.060300
117,1213,2013,updates,195,194,4,3,0.020500
118,1072,2018,obsoletes,81,15,70,4,0.864200
119,1602,2026,obsoletes,335,27,317,9,0.946300
120,1871,2026,obsoletes,318,3,317,2,0.996900
121,1521,2045,obsoletes,364,76,294,6,0.807700
122,1522,2045,obsoletes,317,28,294,5,0.927400
123,1590,2045,obsoletes,304,16,294,6,0.967100
124,1521,2046,obsoletes,268,76,197,5,0.735100
125,1522,2046,obsoletes,222,28,197,3,0.887400
126,1590,2046,obsoletes,209,16,197,4,0.942600
127,1521,2047,obsoletes,179,76,107,4,0.597800
128,1522,2047,obsoletes,131,27,107,3,0.816800
129,1590,2047,obsoletes,120,16,107,3,0.891700
130,1521,2048,obsoletes,154,76,82,4,0.532500
131,1522,2048,obsoletes,107,28,82,3,0.766400
132,1590,2048,obsoletes,97,16,82,1,0.845400
133,1521,2049,obsoletes,123,75,50,2,0.406500
134,1522,2049,obsoletes,76,27,50,1,0.657900
135,1590,2049,obsoletes,64,15,50,1,0.781200
136,1466,2050,obsoletes,31,18,15,2,0.483900
137,1730,2060,obsoletes,49,13,40,4,0.816300
138,1034,2065,updates,395,378,32,15,0.081000
139,1035,2065,updates,450,433,32,15,0.071100
140,1006,2126,updates,53,51,4,2,0.075500
141,1541,2131,obsoletes,205,13,192,0,0.936600
142,1533,2132,obsoletes,101,7,94,0,0.930700
143,1035,2136,updates,461,433,83,55,0.180000
144,1035,2137,updates,435,433,10,8,0.023000
145,2058,2138,obsoletes,31,6,25,0,0.806500
146,1661,2153,updates,169,169,6,6,0.035500
147,1962,2153,updates,31,26,6,1,0.193500
148,822,2156,updates,438,437,33,32,0.075300
149,987,2156,obsoletes,47,16,33,2,0.702100
150,1026,2156,obsoletes,39,6,33,0,0.846200
151,1138,2156,obsoletes,35,3,33,1,0.942900
152,1148,2156,obsoletes,36,4,33,1,0.916700
153,1327,2156,obsoletes,74,45,33,4,0.445900
154,1495,2156,obsoletes,40,8,33,1,0.825000
155,1034,2181,updates,395,378,74,57,0.187300
156,1035,2181,updates,443,433,74,64,0.167000
157,1123,2181,updates,253,199,74,20,0.292500
158,1806,2183,obsoletes,53,12,45,4,0.849100
159,2045,2184,updates,297,293,7,3,0.023600
160,2047,2184,updates,109,106,7,4,0.064200
161,2183,2184,updates,49,44,6,1,0.122400
162,1543,2223,obsoletes,53,20,34,1,0.641500
163,1111,2223,obsoletes,44,10,34,0,0.772700
164,825,2223,obsoletes,35,1,34,0,0.971400
165,1577,2225,obsoletes,45,24,22,1,0.488900
166,959,2228,updates,114,111,12,9,0.105300
167,2045,2231,updates,305,293,42,30,0.137700
168,2047,2231,updates,120,106,42,28,0.350000
169,2183,2231,updates,73,44,42,13,0.575300
170,2184,2231,obsoletes,48,7,42,1,0.875000
171,1573,2233,obsoletes,80,45,38,3,0.475000
172,1112,2236,updates,167,153,39,25,0.233500
173,1779,2253,obsoletes,48,20,33,5,0.687500
174,2261,2271,obsoletes,32,6,28,2,0.875000
175,2264,2274,obsoletes,35,4,32,1,0.914300
176,2265,2275,obsoletes,36,4,33,1,0.916700
177,2044,2279,obsoletes,123,28,99,4,0.804900
178,2002,2290,updates,44,43,8,7,0.181800
179,1034,2308,updates,388,378,37,27,0.095400
180,1035,2308,updates,441,433,37,29,0.083900
181,2178,2328,obsoletes,200,1,200,1,1.000000
182,1738,2368,updates,118,104,20,6,0.169500
183,1808,2368,updates,40,21,20,1,0.500000
184,1884,2373,obsoletes,111,26,87,2,0.783800
185,2111,2392,obsoletes,30,5,25,0,0.833300
186,1808,2396,updates,146,21,130,5,0.890400
187,1738,2396,updates,213,104,130,21,0.610300
188,1825,2401,obsoletes,237,30,207,0,0.873400
189,1826,2402,obsoletes,132,31,101,0,0.765200
190,1827,2406,obsoletes,148,26,122,0,0.824300
191,1603,2418,obsoletes,45,5,42,2,0.933300
192,2313,2437,obsoletes,36,25,19,8,0.527800
193,2222,2444,updates,44,43,4,3,0.090900
194,1939,2449,updates,63,62,8,7,0.127000
195,1723,2453,obsoletes,41,14,30,3,0.731700
196,1883,2460,obsoletes,366,34,339,7,0.926200
197,1970,2461,obsoletes,111,11,102,2,0.918900
198,1971,2462,obsoletes,74,12,64,2,0.864900
199,1885,2463,obsoletes,42,7,35,0,0.833300
200,1972,2464,obsoletes,60,7,55,2,0.916700
201,791,2474,updates,576,443,190,57,0.329900
202,1455,2474,obsoletes,193,5,190,2,0.984500
203,1349,2474,obsoletes,200,23,190,13,0.950000
204,1994,2484,updates,42,42,2,2,0.047600
205,2181,2535,updates,122,73,63,14,0.516400
206,1035,2535,updates,452,433,63,44,0.139400
207,1034,2535,updates,403,378,63,38,0.156300
208,2065,2535,obsoletes,88,31,63,6,0.715900
209,1944,2544,obsoletes,50,5,46,1,0.920000
210,2271,2571,obsoletes,102,27,81,6,0.794100
211,2272,2572,obsoletes,95,24,75,4,0.789500
212,2273,2573,obsoletes,94,21,77,4,0.819100
213,2274,2574,obsoletes,101,31,77,7,0.762400
214,2275,2575,obsoletes,100,32,76,8,0.760000
215,1908,2576,obsoletes,34,26,9,1,0.264700
216,1902,2578,obsoletes,405,75,337,7,0.832100
217,1903,2579,obsoletes,368,62,314,8,0.853300
218,1904,2580,obsoletes,326,41,290,5,0.889600
219,2001,2581,obsoletes,76,18,66,8,0.868400
220,2165,2608,updates,52,10,47,5,0.903800
221,2068,2616,obsoletes,326,64,276,14,0.846600
222,2069,2617,obsoletes,84,15,75,6,0.892900
223,959,2640,updates,112,111,6,5,0.053600
224,1812,2644,updates,112,108,10,6,0.089300
225,2046,2646,updates,197,196,3,2,0.015200
226,1035,2673,updates,433,433,13,13,0.030000
227,1483,2684,obsoletes,49,31,18,0,0.367300
228,2396,2732,updates,135,129,22,16,0.163000
229,2078,2743,obsoletes,80,18,65,3,0.812500
230,2205,2750,updates,211,210,20,19,0.094800
231,959,2773,updates,112,111,3,2,0.026800
232,2052,2782,obsoletes,139,13,127,1,0.913700
233,2616,2817,updates,284,275,25,16,0.088000
234,1757,2819,obsoletes,33,8,25,0,0.757600
235,821,2821,obsoletes,240,166,88,14,0.366700
236,974,2821,obsoletes,123,42,88,7,0.715400
237,1869,2821,obsoletes,106,24,88,6,0.830200
238,822,2822,obsoletes,506,437,115,46,0.227300
239,2267,2827,obsoletes,121,8,115,2,0.950400
240,1035,2845,updates,447,433,47,33,0.105100
241,1866,2854,obsoletes,39,28,11,0,0.282100
242,2233,2863,obsoletes,209,37,176,4,0.842100
243,2138,2865,obsoletes,175,24,152,1,0.868600
244,2139,2866,obsoletes,58,10,49,1,0.844800
245,2866,2867,updates,50,48,15,13,0.300000
246,2865,2868,updates,154,151,26,23,0.168800
247,2784,2890,updates,83,76,34,27,0.409600
248,1933,2893,obsoletes,33,18,18,3,0.545500
249,2535,2931,updates,82,62,32,12,0.390200
250,2278,2978,obsoletes,45,10,35,0,0.777800
251,2314,2986,obsoletes,47,9,38,0,0.808500
252,2535,3007,updates,99,62,47,10,0.474700
253,2136,3007,updates,106,82,47,23,0.443400
254,2137,3007,obsoletes,56,9,47,0,0.839300
255,2535,3008,updates,62,62,6,6,0.096800
256,1631,3022,obsoletes,99,14,87,2,0.878800
257,2048,3023,updates,169,81,94,6,0.556200
258,2376,3023,obsoletes,98,6,94,2,0.959200
259,1766,3066,obsoletes,101,57,51,7,0.505000
260,2535,3090,updates,63,62,5,4,0.079400
261,2747,3097,updates,42,42,16,16,0.381000
262,2766,3152,updates,35,25,11,1,0.314300
263,2015,3156,updates,35,12,25,2,0.714300
264,2003,3168,updates,233,76,166,9,0.712400
265,2474,3168,updates,303,189,166,52,0.547900
266,2401,3168,updates,360,206,166,12,0.461100
267,793,3168,updates,535,414,166,45,0.310300
268,2481,3168,obsoletes,178,18,166,6,0.932600
269,2487,3207,obsoletes,44,5,41,2,0.931800
270,2002,3220,obsoletes,44,43,3,2,0.068200
271,2608,3224,updates,46,46,1,1,0.021700
272,2535,3226,updates,65,62,6,3,0.092300
273,1700,3232,obsoletes,195,194,36,35,0.184600
274,1332,3241,updates,44,37,9,2,0.204500
275,2598,3246,obsoletes,63,13,54,4,0.857100
276,2474,3260,updates,202,189,33,20,0.163400
277,2475,3260,updates,166,150,33,17,0.198800
278,2597,3260,updates,82,57,33,8,0.402400
279,2543,3261,obsoletes,573,50,547,24,0.954600
280,2543,3262,obsoletes,87,50,42,5,0.482800
281,2543,3263,obsoletes,99,50,55,6,0.555600
282,2543,3264,obsoletes,264,50,224,10,0.848500
283,3261,3265,updates,551,546,82,77,0.148800
284,2543,3265,obsoletes,128,51,82,5,0.640600
285,2327,3266,updates,109,109,3,3,0.027500
286,3032,3270,updates,142,113,49,20,0.345100
287,3075,3275,obsoletes,35,4,34,3,0.971400
288,2459,3280,obsoletes,142,43,107,8,0.753500
289,1766,3282,obsoletes,72,57,19,4,0.263900
290,2960,3309,updates,76,74,13,11,0.171100
291,3220,3344,obsoletes,53,3,51,1,0.962300
292,2630,3369,obsoletes,56,46,17,7,0.303600
293,2630,3370,obsoletes,82,46,45,9,0.548800
294,3211,3370,obsoletes,48,6,45,3,0.937500
295,2236,3376,updates,96,38,87,29,0.906200
296,2251,3377,updates,92,70,37,15,0.402200
297,2252,3377,updates,65,48,37,20,0.569200
298,2253,3377,updates,61,32,37,8,0.606600
299,2254,3377,updates,46,12,37,3,0.804300
300,2255,3377,updates,47,14,37,4,0.787200
301,2256,3377,updates,52,23,37,8,0.711500
302,2829,3377,updates,46,18,37,9,0.804300
303,2830,3377,updates,45,17,37,9,0.822200
304,2581,3390,updates,75,65,23,13,0.306700
305,2414,3390,obsoletes,32,12,23,3,0.718800
306,2131,3396,updates,195,191,19,15,0.097400
307,2276,3401,updates,39,14,30,5,0.769200
308,2915,3401,obsoletes,35,15,30,10,0.857100
309,2168,3401,obsoletes,36,12,30,6,0.833300
310,2915,3403,obsoletes,46,15,41,10,0.891300
311,2168,3403,obsoletes,48,12,41,5,0.854200
312,2611,3406,obsoletes,61,13,52,4,0.852500
313,2570,3410,obsoletes,280,50,230,0,0.821400
314,2571,3411,obsoletes,219,80,145,6,0.662100
315,2572,3412,obsoletes,98,74,24,0,0.244900
316,2573,3413,obsoletes,120,76,44,0,0.366700
317,2574,3414,obsoletes,164,76,88,0,0.536600
318,2575,3415,obsoletes,122,75,48,1,0.393400
319,1905,3416,obsoletes,163,136,30,3,0.184000
320,1906,3417,obsoletes,141,109,35,3,0.248200
321,1907,3418,obsoletes,93,42,53,2,0.569900
322,1035,3425,updates,433,433,8,8,0.018500
323,1958,3439,updates,56,52,11,7,0.196400
324,2132,3442,updates,94,93,4,3,0.042600
325,3032,3443,updates,122,113,23,14,0.188500
326,2535,3445,updates,62,62,8,8,0.129000
327,2437,3447,obsoletes,88,18,75,5,0.852300
328,1891,3461,obsoletes,58,15,43,0,0.741400
329,1893,3463,obsoletes,41,16,26,1,0.634100
330,1894,3464,obsoletes,62,16,46,0,0.741900
331,3212,3468,updates,33,29,4,0,0.121200
332,2553,3493,obsoletes,46,8,38,0,0.826100
333,1777,3494,obsoletes,34,31,6,3,0.176500
334,2060,3501,obsoletes,167,39,130,2,0.778400
335,2373,3513,obsoletes,145,87,63,5,0.434500
336,2246,3546,updates,183,178,12,7,0.065600
337,1889,3550,obsoletes,410,73,339,2,0.826800
338,1890,3551,obsoletes,150,35,117,2,0.780000
339,2865,3575,updates,156,151,22,17,0.141000
340,2868,3575,updates,40,25,22,7,0.550000
341,2869,3579,updates,69,30,49,10,0.710100
342,2710,3590,updates,67,67,9,9,0.134300
343,3152,3596,obsoletes,48,10,42,4,0.875000
344,1886,3596,obsoletes,50,10,42,2,0.840000
345,2163,3597,updates,32,3,30,1,0.937500
346,2535,3597,updates,86,62,30,6,0.348800
347,2279,3629,obsoletes,467,98,373,4,0.798700
348,2370,3630,updates,102,12,98,8,0.960800
349,2845,3645,updates,48,46,4,2,0.083300
350,2535,3655,updates,63,62,4,3,0.063500
351,2535,3658,updates,63,62,5,4,0.079400
352,1035,3658,updates,436,433,5,2,0.011500
353,959,3659,updates,111,111,0,0,0.000000
354,2026,3667,updates,318,316,8,6,0.025200
355,2026,3668,updates,318,316,6,4,0.018900
356,2028,3668,updates,64,60,6,2,0.093800
357,2434,3692,updates,391,350,55,14,0.140700
358,2827,3704,updates,140,114,68,42,0.485700
359,2284,3748,obsoletes,140,24,119,3,0.850000
360,2535,3755,updates,64,62,8,6,0.125000
361,2535,3757,updates,67,62,7,2,0.104500
362,3095,3759,updates,58,56,10,8,0.172400
363,2916,3761,obsoletes,54,20,39,5,0.722200
364,2251,3771,updates,70,70,2,2,0.028600
365,3461,3798,updates,52,42,24,14,0.461500
366,2046,3798,updates,208,196,24,12,0.115400
367,2298,3798,obsoletes,39,17,24,2,0.615400
368,2710,3810,updates,107,67,86,46,0.803700
369,2535,3845,updates,62,62,2,2,0.032300
370,2633,3851,obsoletes,122,48,82,8,0.672100
371,3369,3852,obsoletes,82,16,70,4,0.853700
372,3261,3853,updates,546,546,7,7,0.012800
373,3461,3885,updates,43,42,6,5,0.139500
374,954,3912,obsoletes,46,26,22,2,0.478300
375,812,3912,obsoletes,42,20,22,0,0.523800
376,2026,3932,updates,363,316,53,6,0.146000
377,3710,3932,updates,61,9,53,1,0.868900
378,2418,3934,updates,41,41,9,9,0.219500
379,3209,3936,updates,239,238,3,2,0.012600
380,2205,3936,updates,210,210,3,3,0.014300
381,2132,3942,updates,93,93,7,7,0.075300
382,3306,3956,updates,40,26,24,10,0.600000
383,2806,3966,obsoletes,67,9,58,0,0.865700
384,3427,3968,updates,41,21,22,2,0.536600
385,3427,3969,updates,32,21,14,3,0.437500
386,977,3977,obsoletes,46,34,13,1,0.282600
387,2026,3978,updates,324,316,21,13,0.064800
388,2026,3979,updates,328,316,33,21,0.100600
389,2028,3979,updates,87,60,33,6,0.379300
390,3668,3979,obsoletes,39,6,33,0,0.846200
391,3720,3980,updates,31,31,2,2,0.064500
392,1738,3986,updates,553,104,463,14,0.837300
393,2732,3986,obsoletes,482,21,463,2,0.960600
394,2396,3986,obsoletes,579,129,463,13,0.799700
395,1808,3986,obsoletes,482,21,463,2,0.960600
396,3291,4001,obsoletes,101,17,85,1,0.841600
397,3473,4003,updates,138,138,6,6,0.043500
398,1034,4033,updates,489,378,191,80,0.390600
399,1035,4033,updates,522,433,191,102,0.365900
400,2136,4033,updates,245,82,191,28,0.779600
401,2181,4033,updates,238,73,191,26,0.802500
402,2308,4033,updates,208,36,191,19,0.918300
403,3225,4033,updates,200,13,191,4,0.955000
404,3597,4033,updates,206,29,191,14,0.927200
405,3226,4033,updates,193,5,191,3,0.989600
406,2535,4033,obsoletes,244,62,191,9,0.782800
407,3008,4033,obsoletes,196,5,191,0,0.974500
408,3090,4033,obsoletes,194,4,191,1,0.984500
409,3445,4033,obsoletes,195,7,191,3,0.979500
410,3655,4033,obsoletes,191,3,191,3,1.000000
411,3658,4033,obsoletes,193,4,191,2,0.989600
412,3755,4033,obsoletes,193,7,191,5,0.989600
413,3757,4033,obsoletes,191,6,191,6,1.000000
414,3845,4033,obsoletes,191,1,191,1,1.000000
415,1034,4034,updates,445,378,122,55,0.274200
416,1035,4034,updates,490,433,122,65,0.249000
417,2136,4034,updates,180,83,122,25,0.677800
418,2181,4034,updates,171,73,122,24,0.713500
419,2308,4034,updates,141,36,122,17,0.865200
420,3225,4034,updates,131,14,122,5,0.931300
421,3597,4034,updates,138,29,122,13,0.884100
422,3226,4034,updates,126,6,122,2,0.968300
423,2535,4034,obsoletes,176,62,122,8,0.693200
424,3008,4034,obsoletes,127,6,122,1,0.960600
425,3090,4034,obsoletes,125,5,122,2,0.976000
426,3445,4034,obsoletes,127,7,122,2,0.960600
427,3655,4034,obsoletes,122,4,122,4,1.000000
428,3658,4034,obsoletes,124,4,122,2,0.983900
429,3755,4034,obsoletes,124,7,122,5,0.983900
430,3757,4034,obsoletes,122,6,122,6,1.000000
431,3845,4034,obsoletes,122,1,122,1,1.000000
432,1034,4035,updates,442,378,119,55,0.269200
433,1035,4035,updates,489,433,119,63,0.243400
434,2136,4035,updates,178,83,119,24,0.668500
435,2181,4035,updates,170,73,119,22,0.700000
436,2308,4035,updates,133,36,119,22,0.894700
437,3225,4035,updates,127,13,119,5,0.937000
438,3597,4035,updates,135,30,119,14,0.881500
439,3226,4035,updates,123,5,119,1,0.967500
440,2535,4035,obsoletes,174,62,119,7,0.683900
441,3008,4035,obsoletes,124,6,119,1,0.959700
442,3090,4035,obsoletes,122,5,119,2,0.975400
443,3445,4035,obsoletes,124,8,119,3,0.959700
444,3655,4035,obsoletes,119,3,119,3,1.000000
445,3658,4035,obsoletes,121,5,119,3,0.983500
446,3755,4035,obsoletes,121,8,119,6,0.983500
447,3757,4035,obsoletes,119,7,119,7,1.000000
448,3845,4035,obsoletes,119,2,119,2,1.000000
449,3279,4055,updates,75,55,40,20,0.533300
450,1750,4086,obsoletes,297,71,228,2,0.767700
451,2793,4103,obsoletes,30,2,29,1,0.966700
452,2409,4109,updates,143,142,3,2,0.021000
453,1510,4120,obsoletes,107,49,61,3,0.570100
454,1964,4121,updates,49,32,24,7,0.489800
455,3032,4182,updates,113,113,4,4,0.035400
456,3471,4201,updates,113,104,34,25,0.300900
457,3472,4201,updates,46,14,34,2,0.739100
458,3473,4201,updates,153,138,34,19,0.222200
459,3630,4203,updates,121,97,67,43,0.553700
460,3784,4205,updates,36,29,14,7,0.388900
461,2510,4210,obsoletes,34,14,25,5,0.735300
462,2511,4211,obsoletes,34,6,29,1,0.852900
463,2893,4213,obsoletes,76,17,63,4,0.828900
464,2234,4234,obsoletes,272,170,104,2,0.382400
465,1738,4248,obsoletes,104,104,2,2,0.019200
466,2748,4261,updates,36,35,1,0,0.027800
467,1738,4266,obsoletes,104,104,1,1,0.009600
468,1771,4271,obsoletes,284,69,220,5,0.774600
469,2486,4282,obsoletes,77,24,55,2,0.714300
470,2048,4288,obsoletes,166,81,87,2,0.524100
471,2048,4289,obsoletes,94,81,13,0,0.138300
472,3513,4291,obsoletes,278,62,221,5,0.795000
473,3168,4301,updates,425,165,289,29,0.680000
474,2401,4301,obsoletes,462,206,289,33,0.625500
475,2402,4302,obsoletes,217,100,122,5,0.562200
476,2406,4303,obsoletes,303,121,192,10,0.633700
477,2402,4305,obsoletes,108,100,11,3,0.101900
478,2406,4305,obsoletes,129,121,11,3,0.085300
479,2407,4306,obsoletes,172,64,124,16,0.720900
480,2408,4306,obsoletes,154,41,124,11,0.805200
481,2409,4306,obsoletes,224,142,124,42,0.553600
482,2461,4311,updates,106,101,7,2,0.066000
483,3261,4320,updates,546,546,8,8,0.014700
484,3280,4325,updates,106,106,1,1,0.009400
485,3471,4328,updates,109,104,17,12,0.156000
486,1034,4343,updates,382,378,13,9,0.034000
487,1035,4343,updates,438,433,13,8,0.029700
488,2181,4343,updates,80,73,13,6,0.162500
489,2246,4346,obsoletes,247,178,106,37,0.429100
490,2131,4361,updates,193,191,13,11,0.067400
491,2132,4361,updates,99,93,13,7,0.131300
492,3315,4361,updates,218,214,13,9,0.059600
493,2547,4364,obsoletes,143,12,135,4,0.944100
494,4346,4366,updates,114,105,30,21,0.263200
495,3546,4366,obsoletes,38,11,30,3,0.789500
496,1122,4379,updates,308,256,57,5,0.185100
497,2717,4395,obsoletes,48,18,32,2,0.666700
498,2718,4395,obsoletes,40,9,32,1,0.800000
499,2476,4409,obsoletes,33,14,20,1,0.606100
500,3209,4420,updates,238,238,7,7,0.029400
501,3473,4420,updates,138,138,7,7,0.050700
502,2222,4422,obsoletes,108,43,69,4,0.638900
503,2780,4443,updates,149,34,119,4,0.798700
504,2463,4443,obsoletes,152,34,119,1,0.782900
505,2796,4456,obsoletes,36,12,25,1,0.694400
506,1966,4456,obsoletes,32,7,25,0,0.781200
507,2088,4466,updates,32,9,27,4,0.843800
508,2342,4466,updates,33,11,27,5,0.818200
509,3501,4466,updates,129,129,27,27,0.209300
510,3502,4466,updates,31,9,27,5,0.871000
511,3516,4466,updates,34,10,27,3,0.794100
512,3463,4468,updates,32,25,8,1,0.250000
513,3501,4469,updates,129,129,9,9,0.069800
514,4035,4470,updates,121,118,9,6,0.074400
515,4034,4470,updates,124,121,9,6,0.072600
516,3279,4491,updates,58,55,4,1,0.069000
517,2205,4495,updates,210,210,4,4,0.019000
518,2021,4502,obsoletes,37,28,9,0,0.243200
519,1832,4506,obsoletes,51,23,31,3,0.607800
520,2251,4510,obsoletes,108,70,44,6,0.407400
521,2252,4510,obsoletes,89,48,44,3,0.494400
522,2253,4510,obsoletes,74,32,44,2,0.594600
523,2254,4510,obsoletes,55,12,44,1,0.800000
524,2255,4510,obsoletes,57,14,44,1,0.771900
525,2256,4510,obsoletes,63,23,44,4,0.698400
526,2829,4510,obsoletes,61,18,44,1,0.721300
527,2830,4510,obsoletes,59,17,44,2,0.745800
528,3377,4510,obsoletes,71,36,44,9,0.619700
529,3771,4510,obsoletes,44,1,44,1,1.000000
530,2251,4511,obsoletes,105,70,41,6,0.390500
531,2830,4511,obsoletes,55,17,41,3,0.745500
532,3771,4511,obsoletes,41,1,41,1,1.000000
533,2251,4512,obsoletes,92,70,28,6,0.304300
534,2252,4512,obsoletes,73,48,28,3,0.383600
535,2256,4512,obsoletes,47,23,28,4,0.595700
536,3674,4512,obsoletes,30,2,28,0,0.933300
537,2251,4513,obsoletes,90,70,24,4,0.266700
538,2829,4513,obsoletes,41,18,24,1,0.585400
539,2830,4513,obsoletes,38,17,24,3,0.631600
540,2253,4514,obsoletes,54,32,24,2,0.444400
541,2252,4517,obsoletes,66,48,20,2,0.303000
542,2256,4517,obsoletes,40,23,20,3,0.500000
543,2247,4519,updates,37,16,22,1,0.594600
544,2256,4519,obsoletes,42,23,22,3,0.523800
545,3383,4520,obsoletes,46,18,29,1,0.630400
546,2252,4523,obsoletes,54,48,7,1,0.129600
547,1274,4524,obsoletes,33,32,2,1,0.060600
548,4120,4537,updates,60,60,1,1,0.016700
549,3501,4551,updates,129,129,13,13,0.100800
550,2327,4566,obsoletes,342,109,240,7,0.701800
551,3266,4566,obsoletes,242,2,240,0,0.991700
552,4145,4572,updates,40,32,21,13,0.525000
553,4364,4577,updates,136,134,12,10,0.088200
554,3972,4581,updates,61,61,4,4,0.065600
555,1034,4592,updates,385,378,15,8,0.039000
556,2362,4601,obsoletes,89,26,70,7,0.786500
557,3376,4604,updates,91,86,18,13,0.197800
558,3810,4604,updates,89,85,18,14,0.202200
559,2595,4616,updates,38,27,15,4,0.394700
560,3280,4630,updates,106,106,3,3,0.028300
561,1519,4632,obsoletes,101,56,45,0,0.445500
562,3174,4634,updates,55,42,15,2,0.272700
563,2845,4635,updates,46,46,5,5,0.108700
564,3344,4636,updates,50,50,1,1,0.020000
565,3066,4646,obsoletes,69,50,25,6,0.362300
566,3066,4647,obsoletes,67,50,19,2,0.283600
567,3548,4648,obsoletes,199,15,184,0,0.924600
568,4346,4680,updates,106,105,5,4,0.047200
569,4346,4681,updates,105,105,1,1,0.009500
570,4364,4684,updates,139,134,20,15,0.143900
571,3344,4721,updates,51,50,7,6,0.137300
572,4271,4724,updates,219,219,16,16,0.073100
573,2833,4733,obsoletes,40,19,24,3,0.600000
574,3830,4738,updates,38,37,8,7,0.210500
575,2222,4752,obsoletes,49,43,7,1,0.142900
576,2858,4760,obsoletes,94,18,76,0,0.808500
577,3473,4783,updates,138,138,7,7,0.050700
578,3417,4789,updates,34,34,2,2,0.058800
579,3095,4815,updates,56,56,3,3,0.053600
580,2453,4822,updates,35,29,9,3,0.257100
581,2132,4833,updates,95,93,2,0,0.021100
582,3720,4850,updates,31,31,1,1,0.032300
583,3852,4853,updates,70,69,2,1,0.028600
584,3555,4855,obsoletes,61,19,44,2,0.721300
585,2461,4861,obsoletes,291,101,197,7,0.677000
586,2462,4862,obsoletes,208,63,146,1,0.701900
587,3464,4865,updates,46,45,2,1,0.043500
588,3471,4872,updates,120,104,30,14,0.250000
589,3473,4873,updates,144,138,30,24,0.208300
590,4872,4873,updates,38,29,29,20,0.763200
591,3209,4874,updates,240,238,15,13,0.062500
592,3473,4874,updates,141,138,15,12,0.106400
593,3979,4879,updates,32,32,14,14,0.437500
594,1991,4880,obsoletes,42,11,34,3,0.809500
595,2440,4880,obsoletes,65,33,34,2,0.523100
596,792,4884,updates,181,172,21,12,0.116000
597,4443,4884,updates,123,118,21,16,0.170700
598,3261,4916,updates,546,546,15,15,0.027500
599,2518,4918,obsoletes,49,18,32,1,0.653100
600,3041,4941,obsoletes,104,36,71,3,0.682700
601,2828,4949,obsoletes,95,18,77,0,0.810500
602,3463,4954,updates,37,25,19,7,0.513500
603,2554,4954,obsoletes,36,17,19,0,0.527800
604,2960,4960,obsoletes,204,74,135,5,0.661800
605,3309,4960,obsoletes,146,12,135,1,0.924700
606,3473,4974,updates,140,138,8,6,0.057100
607,3972,4982,updates,61,61,6,6,0.098400
608,4120,5021,updates,60,60,2,2,0.033300
609,3501,5032,updates,129,129,0,0,0.000000
610,2634,5035,updates,51,49,13,11,0.254900
611,3036,5036,obsoletes,138,51,90,3,0.652200
612,3720,5048,updates,31,31,3,3,0.096800
613,3452,5052,obsoletes,30,11,20,1,0.666700
614,4601,5059,updates,75,69,13,7,0.173300
615,2362,5059,obsoletes,38,26,13,1,0.342100
616,2961,5063,updates,35,29,8,2,0.228600
617,3473,5063,updates,139,138,8,7,0.057600
618,2472,5072,obsoletes,33,17,17,1,0.515200
619,4507,5077,obsoletes,38,3,36,1,0.947400
620,2865,5080,updates,152,151,16,15,0.105300
621,2866,5080,updates,56,48,16,8,0.285700
622,2869,5080,updates,41,30,16,5,0.390200
623,3579,5080,updates,56,48,16,8,0.285700
624,3682,5082,obsoletes,48,6,42,0,0.875000
625,3852,5083,updates,90,69,28,7,0.311100
626,2460,5095,updates,353,338,25,10,0.070800
627,4294,5095,updates,34,12,25,3,0.735300
628,2733,5109,obsoletes,46,21,30,5,0.652200
629,3009,5109,obsoletes,31,3,30,2,0.967700
630,3032,5129,updates,122,113,15,6,0.123000
631,4119,5139,updates,40,35,16,11,0.400000
632,2046,5147,updates,196,196,3,3,0.015300
633,3209,5151,updates,240,238,11,9,0.045800
634,3473,5151,updates,143,138,11,6,0.076900
635,3576,5176,obsoletes,37,14,23,0,0.621600
636,3501,5182,updates,129,129,7,7,0.054300
637,854,5198,updates,133,92,43,2,0.323300
638,698,5198,obsoletes,54,11,43,0,0.796300
639,4214,5214,obsoletes,36,5,31,0,0.861100
640,2716,5216,obsoletes,38,14,25,1,0.657900
641,2434,5226,obsoletes,899,350,553,4,0.615100
642,826,5227,updates,130,128,8,6,0.061500
643,3028,5228,obsoletes,55,11,46,2,0.836400
644,5228,5229,updates,45,45,22,22,0.488900
645,4234,5234,obsoletes,595,104,492,1,0.826900
646,2780,5237,updates,35,34,2,1,0.057100
647,4091,5245,obsoletes,81,9,74,2,0.913600
648,4092,5245,obsoletes,75,3,74,2,0.986700
649,4492,5246,updates,399,26,395,22,0.990000
650,3268,5246,obsoletes,414,19,395,0,0.954100
651,4346,5246,obsoletes,470,105,395,30,0.840400
652,4366,5246,obsoletes,410,29,395,14,0.963400
653,3748,5247,updates,119,118,23,22,0.193300
654,2797,5272,obsoletes,31,9,25,3,0.806500
655,3280,5280,obsoletes,443,106,345,8,0.778800
656,4325,5280,obsoletes,345,0,345,0,1.000000
657,4630,5280,obsoletes,347,2,345,0,0.994200
658,4306,5282,updates,132,123,12,3,0.090900
659,1195,5302,updates,101,97,6,2,0.059400
660,1195,5304,updates,133,97,61,25,0.458600
661,3567,5304,obsoletes,70,9,61,0,0.871400
662,3784,5305,obsoletes,102,29,73,0,0.715700
663,5305,5307,updates,84,72,39,27,0.464300
664,4205,5307,obsoletes,52,14,39,1,0.750000
665,1123,5321,updates,290,199,98,7,0.337900
666,2821,5321,obsoletes,180,87,98,5,0.544400
667,4021,5322,updates,141,6,140,5,0.992900
668,2822,5322,obsoletes,247,114,140,7,0.566800
669,3032,5332,updates,125,113,20,8,0.160000
670,4023,5332,updates,46,30,20,4,0.434800
671,2045,5335,updates,297,293,12,8,0.040400
672,2822,5335,updates,123,114,12,3,0.097600
673,2821,5336,updates,91,87,8,4,0.087900
674,2822,5336,updates,119,114,8,3,0.067200
675,3461,5337,updates,43,42,5,4,0.116300
676,3464,5337,updates,47,45,5,3,0.106400
677,2740,5340,obsoletes,111,18,94,1,0.846800
678,3966,5341,updates,58,57,1,0,0.017200
679,3411,5343,updates,144,144,2,2,0.013900
680,4342,5348,updates,44,18,36,10,0.818200
681,3448,5348,obsoletes,54,21,36,3,0.666700
682,2113,5350,updates,31,31,4,4,0.129000
683,3265,5367,updates,85,81,7,3,0.082400
684,2026,5378,updates,324,316,29,21,0.089500
685,3978,5378,obsoletes,47,20,29,2,0.617000
686,4748,5378,obsoletes,34,5,29,0,0.852900
687,3489,5389,obsoletes,105,31,85,11,0.809500
688,3261,5393,updates,546,546,6,6,0.011000
689,3209,5420,updates,243,238,21,16,0.086400
690,3473,5420,updates,145,138,21,14,0.144800
691,3164,5424,obsoletes,45,9,40,4,0.888900
692,5228,5429,updates,46,45,7,6,0.152200
693,2181,5452,updates,83,73,11,1,0.132500
694,3032,5462,updates,130,113,38,21,0.292300
695,3270,5462,updates,72,48,38,14,0.527800
696,3272,5462,updates,53,16,38,1,0.717000
697,3443,5462,updates,50,22,38,10,0.760000
698,3469,5462,updates,46,8,38,0,0.826100
699,3564,5462,updates,51,13,38,0,0.745100
700,3985,5462,updates,112,83,38,9,0.339300
701,4182,5462,updates,40,3,38,1,0.950000
702,4364,5462,updates,163,134,38,9,0.233100
703,4379,5462,updates,82,56,38,12,0.463400
704,4448,5462,updates,63,31,38,6,0.603200
705,4761,5462,updates,76,40,38,2,0.500000
706,5129,5462,updates,45,14,38,7,0.844400
707,3279,5480,updates,79,55,41,17,0.519000
708,4119,5491,updates,39,35,21,17,0.538500
709,826,5494,updates,129,128,3,2,0.023300
710,951,5494,updates,47,44,3,0,0.063800
711,2131,5494,updates,194,191,3,0,0.015500
712,2132,5494,updates,96,93,3,0,0.031200
713,3315,5494,updates,217,214,3,0,0.013800
714,3550,5506,updates,341,338,22,19,0.064500
715,3711,5506,updates,216,210,22,16,0.101900
716,4585,5506,updates,83,82,22,21,0.265100
717,1831,5531,obsoletes,42,25,18,1,0.428600
718,1036,5536,obsoletes,34,28,8,2,0.235300
719,1036,5537,obsoletes,31,28,5,2,0.161300
720,2445,5545,obsoletes,44,18,26,0,0.590900
721,2743,5554,updates,65,64,3,2,0.046200
722,4880,5581,updates,33,33,1,1,0.030300
723,3032,5586,updates,149,113,51,15,0.342300
724,4385,5586,updates,81,56,51,26,0.629600
725,5085,5586,updates,79,48,51,20,0.645600
726,3411,5590,updates,145,144,8,7,0.055200
727,3414,5590,updates,90,87,8,5,0.088900
728,3417,5590,updates,41,34,8,1,0.195100
729,4340,5595,updates,84,83,6,5,0.071400
730,4340,5596,updates,83,83,4,4,0.048200
731,5357,5618,updates,43,43,7,7,0.162800
732,3261,5621,updates,546,546,5,5,0.009200
733,3261,5626,updates,550,546,29,25,0.052700
734,3327,5626,updates,37,15,29,7,0.783800
735,3261,5630,updates,547,546,14,13,0.025600
736,3931,5641,updates,55,53,4,2,0.072700
737,4646,5646,obsoletes,104,24,83,3,0.798100
738,3852,5652,obsoletes,196,69,136,9,0.693900
739,2026,5657,updates,317,316,16,15,0.050500
740,2581,5681,obsoletes,132,65,70,3,0.530300
741,4918,5689,updates,31,31,2,2,0.064500
742,2328,5709,updates,209,199,26,16,0.124400
743,3209,5711,updates,238,238,2,2,0.008400
744,3588,5719,updates,73,73,2,2,0.027400
745,2460,5722,updates,342,338,15,11,0.043900
746,3265,5727,updates,89,81,11,3,0.123600
747,3588,5729,updates,74,73,4,3,0.054100
748,4930,5730,obsoletes,40,9,35,4,0.875000
749,3330,5735,obsoletes,38,16,22,0,0.578900
750,3501,5738,updates,129,129,4,4,0.031000
751,2223,5741,updates,2163,33,2136,6,0.987500
752,4844,5741,updates,2150,27,2136,13,0.993500
753,2026,5742,updates,322,316,11,5,0.034200
754,3932,5742,obsoletes,63,52,11,0,0.174600
755,5246,5746,updates,396,394,19,17,0.048000
756,4366,5746,updates,49,30,19,0,0.387800
757,4347,5746,updates,61,47,19,5,0.311500
758,4346,5746,updates,119,106,19,6,0.159700
759,2246,5746,updates,193,179,19,5,0.098400
760,3851,5751,obsoletes,143,81,71,9,0.496500
761,3370,5754,updates,52,44,24,16,0.461500
762,3281,5755,obsoletes,37,24,15,2,0.405400
763,4055,5756,updates,41,39,4,2,0.097600
764,3279,5758,updates,59,55,9,5,0.152500
765,3550,5761,updates,347,338,34,25,0.098000
766,3551,5761,updates,142,116,34,8,0.239400
767,2780,5771,updates,50,34,17,1,0.340000
768,2616,5785,updates,290,275,24,9,0.082800
769,2818,5785,updates,170,158,24,12,0.141200
770,3630,5786,updates,97,97,4,4,0.041200
771,4601,5796,updates,73,69,8,4,0.109600
772,959,5797,updates,111,111,1,1,0.009000
773,4594,5865,updates,32,29,9,6,0.281200
774,2460,5871,updates,338,338,1,1,0.003000
775,3325,5876,updates,50,50,0,0,0.000000
776,5246,5878,updates,394,394,5,5,0.012700
777,1122,5884,updates,283,256,30,3,0.106000
778,3388,5888,obsoletes,46,17,30,1,0.652200
779,4343,5890,updates,111,13,104,6,0.936900
780,3490,5890,obsoletes,165,82,104,21,0.630300
781,3492,5891,updates,75,38,53,16,0.706700
782,3490,5891,obsoletes,120,82,53,15,0.441700
783,3491,5891,obsoletes,79,35,53,9,0.670900
784,2743,5896,updates,64,64,0,0,0.000000
785,4120,5896,updates,60,60,0,0,0.000000
786,1305,5905,obsoletes,193,85,113,5,0.585500
787,4330,5905,obsoletes,121,10,113,2,0.933900
788,3261,5922,updates,546,546,12,12,0.022000
789,2385,5925,obsoletes,138,69,84,15,0.608700
790,1034,5936,updates,379,378,15,14,0.039600
791,1035,5936,updates,434,433,15,14,0.034600
792,5357,5938,updates,43,43,2,2,0.046500
793,4861,5942,updates,196,196,5,5,0.025500
794,3344,5944,obsoletes,72,50,23,1,0.319400
795,2205,5946,updates,211,210,2,1,0.009500
796,4291,5952,updates,254,220,59,25,0.232300
797,3261,5954,updates,547,546,6,5,0.011000
798,5208,5958,obsoletes,33,6,32,5,0.969700
799,1035,5966,updates,433,433,3,3,0.006900
800,1123,5966,updates,200,199,3,2,0.015000
801,2986,5967,updates,40,37,4,1,0.100000
802,4287,5988,updates,49,22,31,4,0.632700
803,4380,5991,updates,51,51,3,3,0.058800
804,4306,5996,obsoletes,173,123,57,7,0.329500
805,4718,5996,obsoletes,62,7,57,2,0.919400
806,2866,5997,updates,51,48,5,2,0.098000
807,5996,5998,updates,57,56,4,3,0.070200
808,4202,6001,updates,65,58,13,6,0.200000
809,4203,6001,updates,72,66,13,7,0.180600
810,4206,6001,updates,57,49,13,5,0.228100
811,5307,6001,updates,46,38,13,5,0.282600
812,3471,6002,updates,105,104,5,4,0.047600
813,3473,6002,updates,140,138,5,3,0.035700
814,3945,6002,updates,68,65,5,2,0.073500
815,4202,6002,updates,60,58,5,3,0.083300
816,4203,6002,updates,68,66,5,3,0.073500
817,5307,6002,updates,41,38,5,2,0.122000
818,3471,6003,updates,106,104,5,3,0.047200
819,3473,6003,updates,138,138,5,5,0.036200
820,4033,6014,updates,191,190,5,4,0.026200
821,4034,6014,updates,122,121,5,4,0.041000
822,4035,6014,updates,119,118,5,4,0.042000
823,3261,6026,updates,546,546,1,1,0.001800
824,5357,6038,updates,43,43,7,7,0.162800
825,3168,6040,updates,174,165,29,20,0.166700
826,4301,6040,updates,305,288,29,12,0.095100
827,4774,6040,updates,32,12,29,9,0.906200
828,3550,6051,updates,338,338,11,11,0.032500
829,4291,6052,updates,262,220,54,12,0.206100
830,4366,6066,obsoletes,101,29,74,2,0.732700
831,2368,6068,obsoletes,34,19,15,0,0.441200
832,2411,6071,obsoletes,42,33,9,0,0.214300
833,2244,6075,updates,36,35,1,0,0.027800
834,4380,6081,updates,51,51,4,4,0.078400
835,2464,6085,updates,58,54,4,0,0.069000
836,793,6093,updates,416,414,7,5,0.016800
837,1122,6093,updates,259,256,7,4,0.027000
838,4960,6096,updates,134,134,5,5,0.037300
839,3477,6107,updates,34,28,7,1,0.205900
840,4206,6107,updates,51,49,7,5,0.137300
841,4120,6111,updates,60,60,2,2,0.033300
842,4120,6112,updates,60,60,4,4,0.066700
843,4120,6113,updates,60,60,8,8,0.133300
844,3761,6116,obsoletes,45,38,8,1,0.177800
845,3761,6117,obsoletes,43,38,7,2,0.162800
846,3920,6120,obsoletes,73,18,62,7,0.849300
847,3921,6121,obsoletes,30,15,17,2,0.566700
848,3261,6141,updates,546,546,2,2,0.003700
849,2765,6145,obsoletes,57,21,39,3,0.684200
850,1321,6151,updates,247,223,44,20,0.178100
851,2104,6151,updates,304,276,44,16,0.144700
852,1652,6152,obsoletes,30,23,7,0,0.233300
853,3264,6157,updates,228,223,6,1,0.026300
854,2246,6176,updates,181,178,7,4,0.038700
855,4346,6176,updates,107,105,7,5,0.065400
856,5246,6176,updates,394,394,7,7,0.017800
857,3031,6178,updates,179,178,1,0,0.005600
858,5470,6183,updates,30,28,11,9,0.366700
859,1939,6186,updates,68,62,9,3,0.132400
860,3501,6186,updates,134,129,9,4,0.067200
861,3597,6195,updates,32,29,6,3,0.187500
862,1738,6196,updates,104,104,0,0,0.000000
863,1242,6201,updates,32,32,3,3,0.093800
864,2544,6201,updates,45,45,3,3,0.066700
865,3471,6205,updates,105,104,12,11,0.114300
866,5921,6215,updates,36,34,4,2,0.111100
867,3315,6221,updates,216,214,5,3,0.023100
868,3550,6222,updates,339,338,4,3,0.011800
869,4601,6226,updates,69,69,0,0,0.000000
870,5304,6232,updates,62,60,6,4,0.096800
871,5310,6232,updates,64,63,6,5,0.093800
872,5304,6233,updates,61,60,6,5,0.098400
873,5310,6233,updates,64,63,6,5,0.093800
874,3174,6234,updates,112,42,76,6,0.678600
875,4634,6234,obsoletes,90,14,76,0,0.844400
876,4741,6241,obsoletes,214,23,192,1,0.897200
877,4742,6242,obsoletes,114,12,104,2,0.912300
878,5201,6253,updates,31,30,6,5,0.193500
879,2965,6265,obsoletes,60,9,51,0,0.850000
880,2616,6266,updates,278,275,5,2,0.018000
881,5911,6268,updates,42,23,28,9,0.666700
882,1738,6270,updates,104,104,0,0,0.000000
883,3775,6275,obsoletes,167,109,59,1,0.353300
884,2560,6277,updates,54,53,3,2,0.055600
885,3693,6280,updates,37,25,18,6,0.486500
886,4944,6282,updates,58,49,41,32,0.706900
887,4271,6286,updates,222,219,5,2,0.022500
888,1122,6298,updates,278,256,32,10,0.115100
889,2988,6298,obsoletes,73,43,32,2,0.438400
890,3830,6309,updates,37,37,0,0,0.000000
891,5102,6313,updates,40,33,14,7,0.350000
892,6325,6327,updates,53,53,5,5,0.094300
893,2780,6335,updates,81,34,49,2,0.604900
894,2782,6335,updates,160,126,49,15,0.306300
895,3828,6335,updates,73,26,49,2,0.671200
896,4340,6335,updates,128,83,49,4,0.382800
897,4960,6335,updates,176,134,49,7,0.278400
898,5595,6335,updates,54,5,49,0,0.907400
899,5245,6336,updates,74,73,4,3,0.054100
900,4347,6347,obsoletes,148,47,113,12,0.763500
901,2739,6350,updates,33,3,30,0,0.909100
902,2425,6350,obsoletes,42,12,30,0,0.714300
903,2426,6350,obsoletes,50,22,30,2,0.600000
904,4770,6350,obsoletes,30,0,30,0,1.000000
905,5953,6353,obsoletes,43,3,42,2,0.976700
906,2198,6354,updates,43,43,1,1,0.023300
907,4871,6376,obsoletes,60,16,45,1,0.750000
908,5672,6376,obsoletes,46,1,45,0,0.978300
909,2113,6398,updates,38,31,11,4,0.289500
910,2711,6398,updates,30,24,11,5,0.366700
911,3547,6407,obsoletes,37,26,11,0,0.297300
912,3588,6408,updates,73,73,2,2,0.027400
913,4409,6409,obsoletes,38,19,19,0,0.500000
914,2026,6410,updates,318,316,17,15,0.053500
915,3315,6422,updates,214,214,6,6,0.028000
916,5586,6423,updates,50,50,3,3,0.060000
917,4379,6424,updates,56,56,8,8,0.142900
918,4379,6425,updates,63,56,15,8,0.238100
919,4379,6426,updates,60,56,12,8,0.200000
920,2205,6437,updates,235,210,30,5,0.127700
921,2460,6437,updates,354,338,30,14,0.084700
922,3697,6437,obsoletes,38,11,30,3,0.789500
923,6325,6439,updates,53,53,11,11,0.207500
924,3265,6446,updates,81,81,2,2,0.024700
925,3971,6494,updates,99,98,4,3,0.040400
926,3971,6495,updates,98,98,1,1,0.010200
927,4875,6510,updates,50,50,2,2,0.040000
928,6514,6515,updates,46,46,3,3,0.065200
929,793,6528,updates,415,414,10,9,0.024100
930,4952,6530,obsoletes,30,10,20,0,0.666700
931,2045,6532,updates,308,293,28,13,0.090900
932,5335,6532,obsoletes,37,11,28,2,0.756800
933,3461,6533,updates,44,42,7,5,0.159100
934,3464,6533,updates,47,45,7,5,0.148900
935,5213,6543,updates,60,60,0,0,0.000000
936,2328,6549,updates,200,199,4,3,0.020000
937,2460,6564,updates,340,338,7,5,0.020600
938,2616,6585,updates,286,275,13,2,0.045500
939,5735,6598,updates,37,21,18,2,0.486500
940,3633,6603,updates,64,64,9,9,0.140600
941,1035,6604,updates,433,433,1,1,0.002300
942,2308,6604,updates,36,36,1,1,0.027800
943,3046,6607,updates,43,42,3,2,0.069800
944,4271,6608,updates,219,219,0,0,0.000000
945,6514,6625,updates,46,46,12,12,0.260900
946,792,6633,updates,178,172,8,2,0.044900
947,1122,6633,updates,259,256,8,5,0.030900
948,1812,6633,updates,116,108,8,0,0.069000
949,3315,6644,updates,214,214,1,1,0.004700
950,1964,6649,updates,34,32,2,0,0.058800
951,4120,6649,updates,61,60,2,1,0.032800
952,1510,6649,obsoletes,51,49,2,0,0.039200
953,2046,6657,updates,198,196,5,3,0.025300
954,3261,6665,updates,547,546,17,16,0.031100
955,3265,6665,obsoletes,97,81,17,1,0.175300
956,4253,6668,updates,51,51,1,1,0.019600
957,2672,6672,obsoletes,30,13,18,1,0.600000
958,2385,6691,updates,76,69,8,1,0.105300
959,5036,6720,updates,89,89,4,4,0.044900
960,4447,6723,updates,73,73,1,1,0.013700
961,3484,6724,obsoletes,105,55,56,6,0.533300
962,3588,6733,obsoletes,109,73,41,5,0.376100
963,5719,6733,obsoletes,42,1,41,0,0.976200
964,5849,6749,obsoletes,65,4,62,1,0.953800
965,1918,6761,updates,228,212,18,2,0.078900
966,2606,6761,updates,57,41,18,2,0.315800
967,4340,6773,updates,84,83,3,2,0.035700
968,4944,6775,updates,64,49,38,23,0.593800
969,2205,6780,updates,212,210,5,3,0.023600
970,3209,6780,updates,239,238,5,4,0.020900
971,3473,6780,updates,141,138,5,2,0.035500
972,4872,6780,updates,30,29,5,4,0.166700
973,5228,6785,updates,47,45,5,3,0.106400
974,3031,6790,updates,199,178,32,11,0.160800
975,3107,6790,updates,48,16,32,0,0.666700
976,3209,6790,updates,262,238,32,8,0.122100
977,5036,6790,updates,120,89,32,1,0.266700
978,6145,6791,updates,39,38,4,3,0.102600
979,4271,6793,updates,226,219,25,18,0.110600
980,4893,6793,obsoletes,32,7,25,0,0.781200
981,4120,6806,updates,60,60,0,0,0.000000
982,2544,6815,updates,45,45,4,4,0.088900
983,5280,6818,updates,344,344,4,4,0.011600
984,4379,6829,updates,56,56,4,4,0.071400
985,4288,6838,obsoletes,197,86,113,2,0.573600
986,3023,6839,updates,98,93,7,2,0.071400
987,4033,6840,updates,191,190,9,8,0.047100
988,4034,6840,updates,122,121,9,8,0.073800
989,4035,6840,updates,118,118,9,9,0.076300
990,5155,6840,updates,45,41,9,5,0.200000
991,2131,6842,updates,191,191,0,0,0.000000
992,2328,6845,updates,200,199,7,6,0.035000
993,5340,6845,updates,94,93,7,6,0.074500
994,5322,6854,updates,139,139,1,1,0.007200
995,3501,6858,updates,129,129,3,3,0.023300
996,2328,6860,updates,200,199,2,1,0.010000
997,5340,6860,updates,93,93,2,2,0.021500
998,791,6864,updates,448,443,8,3,0.017900
999,1122,6864,updates,261,256,8,3,0.030700
1000,2003,6864,updates,84,76,8,0,0.095200
1001,6350,6868,updates,30,29,3,2,0.100000
1002,4447,6870,updates,79,73,8,2,0.101300
1003,3261,6878,updates,546,546,1,1,0.001800
1004,4787,6888,updates,90,79,25,14,0.277800
1005,5735,6890,obsoletes,41,21,21,1,0.512200
1006,2671,6891,obsoletes,81,42,46,7,0.567900
1007,2673,6891,obsoletes,56,12,46,2,0.821400
1008,2845,6895,updates,61,46,16,1,0.262300
1009,2930,6895,updates,34,19,16,1,0.470600
1010,3597,6895,updates,41,29,16,4,0.390200
1011,3711,6904,updates,210,210,13,13,0.061900
1012,792,6918,updates,172,172,1,1,0.005800
1013,2865,6929,updates,154,151,15,12,0.097400
1014,2460,6935,updates,342,338,12,8,0.035100
1015,4034,6944,updates,121,121,1,1,0.008300
1016,5155,6944,updates,41,41,1,1,0.024400
1017,2460,6946,updates,339,338,7,6,0.020600
1018,2223,6949,updates,44,33,11,0,0.250000
1019,5912,6960,updates,87,62,30,5,0.344800
1020,2560,6960,obsoletes,80,53,30,3,0.375000
1021,6277,6960,obsoletes,31,2,30,1,0.967700
1022,3971,6980,updates,101,98,8,5,0.079200
1023,4861,6980,updates,199,196,8,5,0.040200
1024,5996,6989,updates,59,56,5,2,0.084700
1025,6021,6991,obsoletes,118,11,108,1,0.915300
1026,1930,6996,updates,32,28,7,3,0.218800
1027,3551,7007,updates,116,116,1,1,0.008600
1028,5101,7011,obsoletes,89,39,51,1,0.573000
1029,5102,7012,obsoletes,57,33,28,4,0.491200
1030,3550,7022,updates,340,338,13,11,0.038200
1031,5586,7026,updates,50,50,2,2,0.040000
1032,2460,7045,updates,348,338,19,9,0.054600
1033,2780,7045,updates,53,34,19,0,0.358500
1034,4861,7048,updates,197,196,4,3,0.020300
1035,4960,7053,updates,134,134,5,5,0.037300
1036,3748,7057,updates,118,118,1,1,0.008500
1037,3471,7074,updates,104,104,2,2,0.019200
1038,4202,7074,updates,59,58,2,1,0.033900
1039,4203,7074,updates,67,66,2,1,0.029900
1040,5307,7074,updates,39,38,2,1,0.051300
1041,6733,7075,updates,40,40,1,1,0.025000
1042,3315,7083,updates,214,214,5,5,0.023400
1043,2026,7100,updates,316,316,9,9,0.028500
1044,2460,7112,updates,341,338,8,5,0.023500
1045,4020,7120,obsoletes,38,14,24,0,0.631600
1046,2026,7127,updates,316,316,9,9,0.028500
1047,4291,7136,updates,228,220,19,11,0.083300
1048,2309,7141,updates,43,38,7,2,0.162800
1049,2914,7141,updates,87,83,7,3,0.080500
1050,3720,7143,obsoletes,36,31,9,4,0.250000
1051,3720,7146,updates,34,31,5,2,0.147100
1052,959,7151,updates,111,111,0,0,0.000000
1053,4360,7153,updates,46,43,13,10,0.282600
1054,4627,7159,obsoletes,75,19,58,2,0.773300
1055,7158,7159,obsoletes,58,0,58,0,1.000000
1056,3550,7160,updates,340,338,9,7,0.026500
1057,3550,7164,updates,338,338,4,4,0.011800
1058,6325,7172,updates,53,53,29,29,0.547200
1059,6326,7176,obsoletes,31,5,26,0,0.838700
1060,6325,7177,updates,53,53,18,18,0.339600
1061,6325,7179,updates,53,53,5,5,0.094300
1062,6325,7180,updates,53,53,9,9,0.169800
1063,4408,7208,obsoletes,32,18,15,1,0.468800
1064,5586,7214,updates,50,50,1,1,0.020000
1065,6698,7218,updates,43,43,6,6,0.139500
1066,3315,7227,updates,222,214,15,7,0.067600
1067,2817,7230,updates,157,24,137,4,0.872600
1068,2818,7230,updates,259,157,137,35,0.529000
1069,2145,7230,obsoletes,139,4,137,2,0.985600
1070,2616,7230,obsoletes,400,275,137,12,0.342500
1071,2817,7231,updates,117,24,96,3,0.820500
1072,2616,7231,obsoletes,360,275,96,11,0.266700
1073,2616,7232,obsoletes,294,275,26,7,0.088400
1074,2616,7233,obsoletes,284,275,15,6,0.052800
1075,2616,7234,obsoletes,308,275,41,8,0.133100
1076,2616,7235,obsoletes,304,275,36,7,0.118400
1077,2617,7235,obsoletes,103,74,36,7,0.349500
1078,3032,7274,updates,115,113,8,6,0.069600
1079,3209,7274,updates,244,238,8,2,0.032800
1080,5331,7274,updates,36,30,8,2,0.222200
1081,5586,7274,updates,55,50,8,3,0.145500
1082,5921,7274,updates,42,34,8,0,0.190500
1083,6790,7274,updates,33,31,8,6,0.242400
1084,3315,7283,updates,214,214,2,2,0.009300
1085,5996,7296,obsoletes,128,56,73,1,0.570300
1086,3023,7303,obsoletes,108,93,15,0,0.138900
1087,2330,7312,updates,66,66,9,9,0.136400
1088,6487,7318,updates,38,38,0,0,0.000000
1089,3986,7320,updates,464,462,7,5,0.015100
1090,2223,7322,obsoletes,48,33,16,1,0.333300
1091,1323,7323,obsoletes,93,72,24,3,0.258100
1092,6333,7335,updates,49,45,4,0,0.081600
1093,4291,7346,updates,222,220,7,5,0.031500
1094,5389,7350,updates,86,84,6,4,0.069800
1095,6325,7357,updates,53,53,13,13,0.245300
1096,3212,7358,updates,32,29,3,0,0.093800
1097,4447,7358,updates,75,73,3,1,0.040000
1098,5036,7358,updates,89,89,3,3,0.033700
1099,6388,7358,updates,38,36,3,1,0.078900
1100,4291,7371,updates,221,220,2,1,0.009000
1101,6514,7385,updates,46,46,3,3,0.065200
1102,5201,7401,obsoletes,45,30,15,0,0.333300
1103,5234,7405,updates,491,491,24,24,0.048900
1104,5880,7419,updates,90,90,1,1,0.011100
1105,7296,7427,updates,72,72,8,8,0.111100
1106,6514,7441,updates,46,46,0,0,0.000000
1107,6790,7447,updates,31,31,0,0,0.000000
1108,6325,7455,updates,54,53,7,6,0.129600
1109,4119,7459,updates,36,35,1,0,0.027800
1110,3261,7462,updates,547,546,3,2,0.005500
1111,3261,7463,updates,546,546,1,1,0.001800
1112,5246,7465,updates,397,394,10,7,0.025200
1113,4346,7465,updates,110,105,10,5,0.090900
1114,2246,7465,updates,184,178,10,4,0.054300
1115,2328,7474,updates,205,199,21,15,0.102400
1116,5709,7474,updates,36,25,21,10,0.583300
1117,2026,7475,updates,316,316,7,7,0.022200
1118,2418,7475,updates,44,41,7,4,0.159100
1119,6887,7488,updates,44,43,3,2,0.068200
1120,5340,7503,updates,94,93,1,0,0.010600
1121,5321,7504,updates,97,97,1,1,0.010300
1122,4379,7506,updates,58,56,3,1,0.051700
1123,2246,7507,updates,182,178,7,3,0.038500
1124,4346,7507,updates,108,105,7,4,0.064800
1125,4347,7507,updates,51,47,7,3,0.137300
1126,5246,7507,updates,394,394,7,7,0.017800
1127,6347,7507,updates,114,112,7,5,0.061400
1128,4861,7527,updates,196,196,2,2,0.010200
1129,4862,7527,updates,145,145,2,2,0.013800
1130,3530,7530,obsoletes,39,23,19,3,0.487200
1131,4379,7537,updates,56,56,2,2,0.035700
1132,4282,7542,obsoletes,66,54,13,1,0.197000
1133,3315,7550,updates,214,214,2,2,0.009300
1134,3633,7550,updates,64,64,2,2,0.031200
1135,5036,7552,updates,90,89,2,1,0.022200
1136,4861,7559,updates,196,196,2,2,0.010200
1137,3454,7564,obsoletes,71,65,10,4,0.140800
1138,2309,7567,obsoletes,62,38,28,4,0.451600
1139,5246,7568,updates,395,394,6,5,0.015200
1140,6513,7582,updates,51,51,4,4,0.078400
1141,6514,7582,updates,46,46,4,4,0.087000
1142,6120,7590,updates,63,61,5,3,0.079400
1143,4395,7595,obsoletes,45,31,15,1,0.333300
1144,1997,7606,updates,71,42,32,3,0.450700
1145,4271,7606,updates,226,219,32,25,0.141600
1146,4360,7606,updates,66,43,32,9,0.484800
1147,4456,7606,updates,52,24,32,4,0.615400
1148,4760,7606,updates,92,75,32,15,0.347800
1149,5543,7606,updates,32,0,32,0,1.000000
1150,5701,7606,updates,38,6,32,0,0.842100
1151,6368,7606,updates,35,3,32,0,0.914300
1152,4271,7607,updates,219,219,2,2,0.009100
1153,4013,7613,obsoletes,50,40,12,2,0.240000
1154,2617,7615,obsoletes,77,74,7,4,0.090900
1155,2617,7616,obsoletes,90,74,21,5,0.233300
1156,2617,7617,obsoletes,87,74,16,3,0.183900
1157,4301,7619,updates,294,288,8,2,0.027200
1158,5246,7627,updates,396,394,15,13,0.037900
1159,3515,7647,updates,50,50,2,2,0.040000
1160,6887,7652,updates,43,43,3,3,0.069800
1161,5117,7667,obsoletes,36,14,22,0,0.611100
1162,7296,7670,updates,72,72,1,1,0.013900
1163,6698,7671,updates,44,43,9,8,0.204500
1164,2679,7679,obsoletes,59,44,15,0,0.254200
1165,2680,7680,obsoletes,51,37,14,0,0.274500
1166,5246,7685,updates,394,394,1,1,0.002500
1167,3471,7699,updates,106,104,3,1,0.028300
1168,4271,7705,updates,219,219,4,4,0.018300
1169,4656,7717,updates,44,44,3,3,0.068200
1170,5357,7717,updates,43,43,3,3,0.069800
1171,4656,7718,updates,44,44,1,1,0.022700
1172,4379,7743,updates,58,56,2,0,0.034500
1173,2629,7749,obsoletes,30,27,5,2,0.166700
1174,5357,7750,updates,43,43,1,1,0.023300
1175,4120,7751,updates,60,60,1,1,0.016700
1176,6145,7757,updates,43,38,8,3,0.186000
1177,4601,7761,obsoletes,107,69,39,1,0.364500
1178,1035,7766,updates,436,433,16,13,0.036700
1179,1123,7766,updates,213,199,16,2,0.075100
1180,2418,7776,updates,45,41,8,4,0.177800
1181,6325,7780,updates,54,53,22,21,0.407400
1182,7177,7780,updates,30,17,22,9,0.733300
1183,6325,7783,updates,53,53,3,3,0.056600
1184,7519,7797,updates,66,64,2,0,0.030300
1185,6241,7803,updates,191,191,0,0,0.000000
1186,896,7805,obsoletes,36,36,0,0,0.000000
1187,3207,7817,updates,41,40,2,1,0.048800
1188,3501,7817,updates,129,129,2,2,0.015500
1189,5905,7822,updates,112,112,3,3,0.026800
1190,2326,7826,obsoletes,89,81,11,3,0.123600
1191,5741,7841,obsoletes,4149,2135,2014,0,0.485400
1192,6887,7843,updates,43,43,0,0,0.000000
1193,4787,7857,updates,83,79,8,4,0.096400
1194,5382,7857,updates,47,42,8,3,0.170200
1195,5213,7864,updates,60,60,1,1,0.016700
1196,5880,7880,updates,92,90,18,16,0.195700
1197,5440,7896,updates,99,99,1,1,0.010100
1198,6514,7899,updates,47,46,1,0,0.021300
1199,6513,7900,updates,51,51,4,4,0.078400
1200,6514,7900,updates,46,46,4,4,0.087000
1201,6514,7902,updates,46,46,3,3,0.065200
1202,5246,7905,updates,395,394,1,0,0.002500
1203,6347,7905,updates,113,112,1,0,0.008800
1204,6145,7915,obsoletes,48,38,11,1,0.229200
1205,2246,7919,updates,182,178,6,2,0.033000
1206,4346,7919,updates,108,105,6,3,0.055600
1207,4492,7919,updates,30,26,6,2,0.200000
1208,5246,7919,updates,394,394,6,6,0.015200
1209,7252,7959,updates,78,78,21,21,0.269200
1210,4975,7977,updates,34,33,2,1,0.058800
1211,5764,7983,updates,45,40,9,4,0.200000
1212,3263,7984,updates,54,54,0,0,0.000000
1213,6513,7988,updates,52,51,3,2,0.057700
1214,6514,7988,updates,48,46,3,1,0.062500
1215,6790,8012,updates,32,31,1,0,0.031200
1216,3447,8017,obsoletes,118,74,45,1,0.381400
1217,2898,8018,obsoletes,43,29,15,1,0.348800
1218,1034,8020,updates,383,378,6,1,0.015700
1219,2308,8020,updates,40,36,6,2,0.150000
1220,4944,8025,updates,51,49,8,6,0.156900
1221,4861,8028,updates,196,196,8,8,0.040800
1222,1122,8029,updates,284,256,30,2,0.105600
1223,4379,8029,obsoletes,86,56,30,0,0.348800
1224,6424,8029,obsoletes,37,7,30,0,0.810800
1225,6829,8029,obsoletes,33,3,30,0,0.909100
1226,7537,8029,obsoletes,31,1,30,0,0.967700
1227,5761,8035,updates,33,33,1,1,0.030300
1228,2328,8042,updates,199,199,2,2,0.010100
1229,2865,8044,updates,151,151,5,5,0.033100
1230,3162,8044,updates,38,35,5,2,0.131600
1231,4072,8044,updates,32,27,5,0,0.156200
1232,4120,8062,updates,60,60,1,1,0.016700
1233,2464,8064,updates,66,54,15,3,0.227300
1234,4291,8064,updates,225,220,15,10,0.066700
1235,5072,8064,updates,30,16,15,1,0.500000
1236,4944,8066,updates,49,49,1,1,0.020400
1237,6282,8066,updates,40,40,1,1,0.025000
1238,4447,8077,obsoletes,86,73,14,1,0.162800
1239,3550,8083,updates,343,338,19,14,0.055400
1240,5405,8085,obsoletes,92,32,60,0,0.652200
1241,1738,8089,updates,108,104,4,0,0.037000
1242,2046,8098,updates,199,196,4,1,0.020100
1243,3461,8098,updates,45,42,4,1,0.088900
1244,3550,8108,updates,340,338,10,8,0.029400
1245,4585,8108,updates,83,82,10,9,0.120500
1246,6830,8113,updates,31,30,1,0,0.032300
1247,5226,8126,obsoletes,935,552,386,3,0.412800
1248,4120,8129,updates,60,60,0,0,0.000000
1249,6325,8139,updates,53,53,5,5,0.094300
1250,2141,8141,obsoletes,133,118,17,2,0.127800
1251,3406,8141,obsoletes,66,51,17,2,0.257600
1252,5766,8155,updates,48,46,3,1,0.062500
1253,2119,8174,updates,5384,5384,1376,1376,0.255600
1254,5661,8178,updates,30,26,7,3,0.233300
1255,2026,8179,updates,317,316,7,6,0.022100
1256,3979,8179,obsoletes,38,32,7,1,0.184200
1257,4035,8198,updates,122,118,10,6,0.082000
1258,2460,8200,obsoletes,426,338,100,12,0.234700
1259,1981,8201,obsoletes,105,75,32,2,0.304800
1260,6487,8209,updates,41,38,9,6,0.219500
1261,4271,8212,updates,219,219,1,1,0.004600
1262,3261,8217,updates,546,546,2,2,0.003700
1263,3325,8217,updates,51,50,2,1,0.039200
1264,3515,8217,updates,52,50,2,0,0.038500
1265,4474,8224,obsoletes,73,54,21,2,0.287700
1266,7296,8247,updates,74,72,8,6,0.108100
1267,6325,8249,updates,54,53,1,0,0.018500
1268,6749,8252,updates,61,61,5,5,0.082000
1269,5440,8253,updates,100,99,38,37,0.380000
1270,7159,8259,obsoletes,158,57,104,3,0.658200
1271,4253,8268,updates,52,51,3,2,0.057700
1272,4090,8271,updates,62,62,2,2,0.032300
1273,3107,8277,obsoletes,32,16,16,0,0.500000
1274,5988,8288,obsoletes,54,30,28,4,0.518500
1275,6376,8301,updates,44,44,1,1,0.022700
1276,6555,8305,obsoletes,42,19,23,0,0.547600
1277,4251,8308,updates,57,56,4,3,0.070200
1278,4252,8308,updates,46,44,4,2,0.087000
1279,4253,8308,updates,52,51,4,3,0.076900
1280,7858,8310,updates,51,51,10,10,0.196100
1281,3168,8311,updates,165,165,13,13,0.078800
1282,4342,8311,updates,30,18,13,1,0.433300
1283,6679,8311,updates,32,21,13,2,0.406200
1284,1939,8314,updates,67,62,6,1,0.089600
1285,2595,8314,updates,32,27,6,1,0.187500
1286,3501,8314,updates,131,129,6,4,0.045800
1287,4861,8319,updates,196,196,0,0,0.000000
1288,4252,8332,updates,44,44,2,2,0.045500
1289,4253,8332,updates,51,51,2,2,0.039200
1290,6536,8341,obsoletes,123,18,105,0,0.853700
1291,7950,8342,updates,149,137,88,76,0.590600
1292,7223,8343,obsoletes,72,12,61,1,0.847200
1293,8022,8349,obsoletes,38,3,35,0,0.921100
1294,5440,8356,updates,99,99,1,1,0.010100
1295,3471,8359,updates,104,104,0,0,0.000000
1296,3473,8359,updates,138,138,0,0,0.000000
1297,6325,8361,updates,54,53,1,0,0.018500
1298,5340,8362,updates,97,93,20,16,0.206200
1299,5838,8362,updates,34,15,20,1,0.588200
1300,6325,8377,updates,54,53,1,0,0.018500
1301,4761,8395,updates,40,40,0,0,0.000000
1302,5280,8398,updates,345,344,6,5,0.017400
1303,5280,8399,updates,344,344,2,2,0.005800
1304,3315,8415,obsoletes,255,214,41,0,0.160800
1305,3633,8415,obsoletes,105,64,41,0,0.390500
1306,3736,8415,obsoletes,73,32,41,0,0.561600
1307,4242,8415,obsoletes,48,7,41,0,0.854200
1308,7083,8415,obsoletes,45,4,41,0,0.911100
1309,7283,8415,obsoletes,42,1,41,0,0.976200
1310,7550,8415,obsoletes,42,1,41,0,0.976200
1311,4492,8422,obsoletes,41,26,17,2,0.414600
1312,4861,8425,updates,196,196,2,2,0.010200
1313,4120,8429,updates,62,60,2,0,0.032300
1314,2474,8436,updates,189,189,2,2,0.010600
1315,3501,8437,updates,129,129,0,0,0.000000
1316,5245,8445,obsoletes,110,73,43,6,0.390900
1317,5705,8446,updates,298,20,290,12,0.973200
1318,6066,8446,updates,339,73,290,24,0.855500
1319,5077,8446,obsoletes,316,35,290,9,0.917700
1320,5246,8446,obsoletes,625,394,290,59,0.464000
1321,6961,8446,obsoletes,297,10,290,3,0.976400
1322,5077,8447,updates,47,35,16,4,0.340400
1323,5246,8447,updates,397,394,16,13,0.040300
1324,5705,8447,updates,32,20,16,4,0.500000
1325,7301,8447,updates,50,39,16,5,0.320000
1326,6066,8449,updates,73,73,1,1,0.013700
1327,6376,8463,updates,44,44,0,0,0.000000
1328,2330,8468,updates,66,66,3,3,0.045500
1329,4448,8469,updates,32,31,1,0,0.031200
1330,3501,8474,updates,129,129,5,5,0.038800
1331,1034,8482,updates,378,378,2,2,0.005300
1332,1035,8482,updates,434,433,2,1,0.004600
1333,1035,8490,updates,434,433,7,6,0.016100
1334,2308,8499,updates,72,36,39,3,0.541700
1335,7719,8499,obsoletes,50,12,39,1,0.780000
1336,6775,8505,updates,44,37,22,15,0.500000
1337,5286,8518,updates,36,36,0,0,0.000000
1338,6241,8526,updates,192,191,2,1,0.010400
1339,7950,8526,updates,137,137,2,2,0.014600
1340,8040,8527,updates,138,138,2,2,0.014500
1341,6514,8534,updates,46,46,3,3,0.065200
1342,4090,8537,updates,63,62,1,0,0.015900
1343,4656,8545,updates,45,44,3,2,0.066700
1344,5357,8545,updates,44,43,3,2,0.068200
1345,5751,8551,obsoletes,93,70,26,3,0.279600
1346,2782,8553,updates,126,126,1,1,0.007900
1347,3263,8553,updates,55,54,1,0,0.018200
1348,4120,8553,updates,61,60,1,0,0.016400
1349,5389,8553,updates,85,84,1,0,0.011800
1350,5766,8553,updates,47,46,1,0,0.021300
1351,6120,8553,updates,62,61,1,0,0.016100
1352,6376,8553,updates,44,44,1,1,0.022700
1353,6733,8553,updates,42,41,1,0,0.023800
1354,6763,8553,updates,44,44,1,1,0.022700
1355,5880,8562,updates,91,90,5,4,0.054900
1356,5905,8573,updates,112,112,4,4,0.035700
1357,7432,8584,updates,51,51,9,9,0.176500
1358,3261,8591,updates,546,546,1,1,0.001800
1359,3428,8591,updates,43,43,1,1,0.023300
1360,4975,8591,updates,33,33,1,1,0.030300
1361,7252,8613,updates,83,78,24,19,0.289200
1362,4761,8614,updates,40,40,0,0,0.000000
1363,7230,8615,updates,153,136,21,4,0.137300
1364,7595,8615,updates,32,14,21,3,0.656200
1365,5785,8615,obsoletes,44,23,21,0,0.477300
1366,6376,8616,updates,44,44,2,2,0.045500
1367,4594,8622,updates,31,29,5,3,0.161300
1368,1997,8642,updates,42,42,0,0,0.000000
1369,4271,8654,updates,219,219,2,2,0.009100
1370,3279,8692,updates,57,55,3,1,0.052600
